metric,value
mean,1969.8232485
std,178.9005755269132
min,1680.0
max,2266.42
