stage,cb1,cb2,dep,cash,total_value
0,100.0,800.0,400.0,600.0,1900.0
1,175.0,800.0,600.0,312.0,1887.0
2,195.125,848.8,630.5999999999999,312.0,1986.5249999999999
3,195.125,848.8,630.5999999999999,312.0,1986.5249999999999
4,181.46624999999997,844.5559999999999,632.4918,312.0,1970.51405
5,181.46624999999997,844.5559999999999,632.4918,312.0,1970.51405
